﻿EntryNumber,SequenceNumber,InUse,ParentEntryNumber,ParentSequenceNumber,ParentPath,FileName,Extension,FileSize,ReferenceCount,ReparseTarget,IsDirectory,HasAds,IsAds,SI<FN,uSecZeros,Copied,SiFlags,NameType,Created0x10,Created0x30,LastModified0x10,LastModified0x30,LastRecordChange0x10,LastRecordChange0x30,LastAccess0x10,LastAccess0x30,UpdateSequenceNumber,LogfileSequenceNumber,SecurityId,ObjectIdFileDroid,LoggedUtilStream,ZoneIdContents
0,1,TRUE,5,5,.,$MFT,,262144,1,,FALSE,FALSE,FALSE,FALSE,FALSE,FALSE,Hidden|System,DosWindows,18:04.0,,18:04.0,,18:04.0,,18:04.0,,0,16782691,256,,,
1,1,TRUE,5,5,.,$MFTMirr,,4096,1,,FALSE,FALSE,FALSE,FALSE,FALSE,FALSE,Hidden|System,DosWindows,18:04.0,,18:04.0,,18:04.0,,18:04.0,,0,16782763,256,,,
2,2,TRUE,5,5,.,$LogFile,,42352640,1,,FALSE,FALSE,FALSE,FALSE,FALSE,FALSE,Hidden|System,DosWindows,18:04.0,,18:04.0,,18:04.0,,18:04.0,,0,16782835,256,,,
3,3,TRUE,5,5,.,$Volume,,0,1,,FALSE,FALSE,FALSE,FALSE,FALSE,FALSE,Hidden|System,DosWindows,18:04.0,,18:04.0,,18:04.0,,18:04.0,,0,16783672,257,,,
4,4,TRUE,5,5,.,$AttrDef,,2560,1,,FALSE,FALSE,FALSE,FALSE,FALSE,FALSE,Hidden|System,DosWindows,18:04.0,,18:04.0,,18:04.0,,18:04.0,,0,16782987,256,,,
5,5,TRUE,5,5,.,.,,0,1,,TRUE,FALSE,FALSE,FALSE,FALSE,FALSE,Hidden|System,DosWindows,18:04.0,,30:30.0,18:04.0,30:30.1,18:04.0,30:30.1,18:04.0,0,16792728,0,a29e9faa-b5c3-11ed-9dc7-c821589de64d,$TXF_DATA,
6,6,TRUE,5,5,.,$Bitmap,,944288,1,,FALSE,FALSE,FALSE,FALSE,FALSE,FALSE,Hidden|System,DosWindows,18:04.0,,18:04.0,,18:04.0,,18:04.0,,0,16782915,256,,,
7,7,TRUE,5,5,.,$Boot,,8192,1,,FALSE,FALSE,FALSE,FALSE,FALSE,FALSE,Hidden|System,DosWindows,18:04.0,,18:04.0,,18:04.0,,18:04.0,,0,0,0,,,
8,8,TRUE,5,5,.,$BadClus,,0,1,,FALSE,TRUE,FALSE,FALSE,FALSE,FALSE,Hidden|System,DosWindows,18:04.0,,18:04.0,,18:04.0,,18:04.0,,0,16783059,256,,,
8,8,TRUE,5,5,.,$BadClus:$Bad,,30942425088,1,,FALSE,FALSE,TRUE,FALSE,FALSE,FALSE,Hidden|System,DosWindows,18:04.0,,18:04.0,,18:04.0,,18:04.0,,0,16783059,256,,,
9,9,TRUE,5,5,.,$Secure,,263432,1,,FALSE,TRUE,FALSE,FALSE,FALSE,FALSE,Hidden|System|IsIndexView,DosWindows,18:04.0,,18:04.0,,18:04.0,,18:04.0,,0,16791364,257,,,
9,9,TRUE,5,5,.,$Secure:$SDS,,263432,1,,FALSE,FALSE,TRUE,FALSE,FALSE,FALSE,Hidden|System|IsIndexView,DosWindows,18:04.0,,18:04.0,,18:04.0,,18:04.0,,0,16791364,257,,,
10,10,TRUE,5,5,.,$UpCase,,131072,1,,FALSE,TRUE,FALSE,FALSE,FALSE,FALSE,Hidden|System,DosWindows,18:04.0,,18:04.0,,18:04.0,,18:04.0,,0,16783481,256,,,
10,10,TRUE,5,5,.,$UpCase:$Info,,32,1,,FALSE,FALSE,TRUE,FALSE,FALSE,FALSE,Hidden|System,DosWindows,18:04.0,,18:04.0,,18:04.0,,18:04.0,,0,16783481,256,,,
11,11,TRUE,5,5,.,$Extend,,0,1,,TRUE,FALSE,FALSE,FALSE,FALSE,FALSE,Hidden|System,DosWindows,18:04.0,,18:04.0,,18:04.0,,18:04.0,,0,16783329,257,,,
24,1,TRUE,11,11,.\$Extend,$Quota,,0,1,,FALSE,FALSE,FALSE,FALSE,FALSE,FALSE,Hidden|System|IsIndexView,Posix,18:06.3,,18:06.3,,18:06.3,,18:06.3,,0,16783498,257,,,
25,1,TRUE,11,11,.\$Extend,$ObjId,,0,1,,FALSE,FALSE,FALSE,FALSE,FALSE,FALSE,Hidden|System|IsIndexView,Posix,18:06.3,,18:06.3,,18:06.3,,18:06.3,,0,16792679,257,,,
26,1,TRUE,11,11,.\$Extend,$Reparse,,0,1,,FALSE,FALSE,FALSE,FALSE,FALSE,FALSE,Hidden|System|IsIndexView,Posix,18:06.3,,18:06.3,,18:06.3,,18:06.3,,0,16783515,257,,,
27,1,TRUE,11,11,.\$Extend,$RmMetadata,,0,1,,TRUE,FALSE,FALSE,FALSE,FALSE,FALSE,Hidden|System,Posix,18:06.3,,18:06.3,,18:06.3,,18:06.3,,0,16784216,258,,,
28,1,TRUE,27,1,.\$Extend\$RmMetadata,$Repair,,0,1,,FALSE,TRUE,FALSE,FALSE,FALSE,FALSE,Hidden|System,Posix,18:06.3,,18:06.3,,18:06.3,,18:06.3,,0,16783549,257,,,
28,1,TRUE,27,1,.\$Extend\$RmMetadata,$Repair:$Config,,8,1,,FALSE,FALSE,TRUE,FALSE,FALSE,FALSE,Hidden|System,Posix,18:06.3,,18:06.3,,18:06.3,,18:06.3,,0,16783549,257,,,
29,1,TRUE,11,11,.\$Extend,$Deleted,,0,1,,TRUE,FALSE,FALSE,FALSE,FALSE,FALSE,Hidden|System,Posix,18:06.3,,18:06.3,,18:06.3,,18:06.3,,0,16783638,257,,,
30,1,TRUE,27,1,.\$Extend\$RmMetadata,$TxfLog,,0,1,,TRUE,FALSE,FALSE,FALSE,FALSE,FALSE,Hidden|System,Posix,18:06.3,,18:07.0,18:06.3,18:07.0,18:06.3,18:07.0,18:06.3,0,16788642,258,,,
31,1,TRUE,27,1,.\$Extend\$RmMetadata,$Txf,,0,1,,TRUE,FALSE,FALSE,FALSE,FALSE,FALSE,-2147483642,Posix,44986.55424,,44986.55424,,44986.55424,,44986.55424,,0,16784441,258,,$TXF_DATA,
32,1,TRUE,30,1,.\$Extend\$RmMetadata\$TxfLog,$Tops,,100,1,,FALSE,TRUE,FALSE,FALSE,FALSE,FALSE,Hidden|System,Posix,18:06.3,,18:06.3,,18:06.3,,18:06.3,,0,16785822,258,,,
32,1,TRUE,30,1,.\$Extend\$RmMetadata\$TxfLog,$Tops:$T,,1048576,1,,FALSE,FALSE,TRUE,FALSE,FALSE,FALSE,Hidden|System,Posix,18:06.3,,18:06.3,,18:06.3,,18:06.3,,0,16785822,258,,,
33,1,TRUE,30,1,.\$Extend\$RmMetadata\$TxfLog,$TxfLog.blf,.blf,65536,1,,FALSE,FALSE,FALSE,FALSE,FALSE,FALSE,Archive,Posix,18:06.4,,18:06.4,,18:06.4,,18:06.4,,0,16785162,259,,,
34,1,TRUE,30,1,.\$Extend\$RmMetadata\$TxfLog,$TxfLogContainer00000000000000000001,,10485760,1,,FALSE,FALSE,FALSE,FALSE,FALSE,FALSE,Archive,Posix,18:06.4,,18:06.4,,18:06.4,,18:06.4,,0,16785543,260,,,
35,1,TRUE,30,1,.\$Extend\$RmMetadata\$TxfLog,$TxfLogContainer00000000000000000002,,10485760,1,,FALSE,FALSE,FALSE,FALSE,FALSE,FALSE,Archive,Posix,18:07.0,,18:07.0,,18:07.0,,18:07.0,,0,16785710,260,,,
36,1,TRUE,5,5,.,System Volume Information,,0,1,,TRUE,FALSE,FALSE,FALSE,FALSE,FALSE,Hidden|System,Posix,18:07.6,,18:07.6,18:07.6,18:07.6,18:07.6,18:07.6,18:07.6,0,16787641,262,,,
37,1,TRUE,36,1,.\System Volume Information,WPSettings.dat,.dat,12,1,,FALSE,FALSE,FALSE,FALSE,FALSE,FALSE,Archive,Posix,18:07.6,,18:07.6,18:07.6,18:07.6,18:07.6,18:07.6,18:07.6,0,16788680,263,,,
38,1,TRUE,36,1,.\System Volume Information,IndexerVolumeGuid,,76,1,,FALSE,FALSE,FALSE,FALSE,FALSE,FALSE,Archive,Posix,18:07.6,,18:07.6,,18:07.6,,18:11.2,18:07.6,0,16788714,263,,,
39,1,TRUE,5,5,.,meme.jpeg,.jpeg,49160,1,,FALSE,TRUE,FALSE,FALSE,FALSE,TRUE,Archive,Posix,30:13.6,,50:48.2,30:13.6,33:50.0,30:13.6,30:13.6,30:13.6,0,16791854,265,,,
39,1,TRUE,5,5,.,meme.jpeg:Zone.Identifier,.Identifier,135,1,,FALSE,FALSE,TRUE,FALSE,FALSE,TRUE,Archive,Posix,30:13.6,,50:48.2,30:13.6,33:50.0,30:13.6,30:13.6,30:13.6,0,16791854,265,,,"[ZoneTransfer]
ZoneId=3
ReferrerUrl=https://twitter.com/
HostUrl=https://pbs.twimg.com/media/FadAHVAUUAAVp2Q?format=jpg&name=small
"
40,1,TRUE,5,5,.,note.txt,.txt,33,1,,FALSE,FALSE,FALSE,FALSE,FALSE,FALSE,Archive,Posix,30:28.3,,31:00.1,30:28.3,31:00.1,30:28.3,31:00.1,30:28.3,0,16794039,264,a29e9fa9-b5c3-11ed-9dc7-c821589de64d,,
